Accession ID,Species,Original producing area,Latitude,Longitude,Sequencing Coverage,Ecotype
W0101,O. rufipogon,India,20.48 ,85.85 ,1.42 ,Or-I
W0102,O. rufipogon,India,20.48 ,85.85 ,1.40 ,Or-I
W0103,O. rufipogon,India,20.48 ,85.85 ,1.18 ,Or-I
W0106,O. rufipogon,India,20.46 ,85.88 ,1.81 ,Or-I
W0107,O. rufipogon,India,20.95 ,85.10 ,1.93 ,Or-I
W0108,O. rufipogon,India,20.46 ,85.88 ,1.79 ,Or-II
W0120,O. rufipogon,India,20.46 ,85.88 ,0.97 ,Or-II
W0121,O. rufipogon,India,20.46 ,85.88 ,1.11 ,Or-I
W0123,O. rufipogon,India,20.46 ,85.93 ,0.26 ,Or-I
W0124,O. rufipogon,India,21.00 ,85.10 ,1.07 ,Or-I
W0125,O. rufipogon,India,21.00 ,85.10 ,2.27 ,Or-III
W0126,O. rufipogon,India,21.00 ,85.10 ,1.62 ,Or-III
W0128,O. rufipogon,India,21.00 ,85.10 ,2.41 ,Or-I
W0130,O. rufipogon,India,21.00 ,85.10 ,1.07 ,Or-I
W0132,O. rufipogon,India,17.05 ,82.18 ,1.40 ,Or-II
W0133,O. rufipogon,India,17.05 ,82.18 ,0.81 ,Or-III
W0134,O. rufipogon,India,16.93 ,81.88 ,1.17 ,Or-III
W0135,O. rufipogon,India,16.93 ,81.88 ,0.85 ,Or-III
W0136,O. rufipogon,India,16.91 ,81.82 ,0.57 ,Or-III
W0137,O. rufipogon,India,16.91 ,81.82 ,0.89 ,Or-III
W0138,O. rufipogon,India,10.51 ,76.65 ,1.02 ,Or-III
W0141,O. rufipogon,India,10.37 ,76.37 ,1.11 ,Or-III
W0143,O. rufipogon,Sri Lanka,7.21 ,80.20 ,3.28 ,Or-II
W0144,O. rufipogon,Sri Lanka,7.07 ,80.30 ,0.69 ,Or-I
W0145,O. rufipogon,Thailand,13.72 ,100.48 ,0.31 ,Or-II
W0147,O. rufipogon,India,20.48 ,85.85 ,0.21 ,Or-I
W0148,O. rufipogon,India,20.48 ,85.85 ,1.55 ,Or-I
W0149,O. rufipogon,India,23.48 ,81.10 ,1.58 ,Or-III
W0151,O. rufipogon,India,23.48 ,81.10 ,1.94 ,Or-I
W0152,O. rufipogon,India,22.90 ,88.25 ,1.73 ,Or-I
W0153,O. rufipogon,India,22.40 ,88.66 ,2.54 ,Or-III
W0157,O. rufipogon,India,26.59 ,94.19 ,1.20 ,Or-II
W0163,O. rufipogon,Thailand,18.81 ,98.66 ,3.38 ,Or-II
W0164,O. rufipogon,Thailand,18.81 ,98.66 ,1.58 ,Or-II
W0165,O. rufipogon,Thailand,18.81 ,98.66 ,1.09 ,Or-II
W0166,O. rufipogon,Thailand,18.81 ,98.66 ,0.76 ,Or-II
W0168,O. rufipogon,Thailand,15.22 ,102.50 ,1.57 ,Or-I
W0169,O. rufipogon,Thailand,15.87 ,100.99 ,1.12 ,Or-II
W0170,O. rufipogon,Thailand,15.87 ,100.99 ,1.84 ,Or-I
W0171,O. rufipogon,Thailand,15.87 ,100.99 ,6.07 ,Or-II
W0172,O. rufipogon,Thailand,15.87 ,100.99 ,1.13 ,Or-III
W0173,O. rufipogon,Thailand,15.87 ,100.99 ,1.92 ,Or-I
W0174,O. rufipogon,Thailand,18.08 ,103.27 ,3.07 ,Or-II
W0175,O. rufipogon,Thailand,18.08 ,103.27 ,3.68 ,Or-II
W0176,O. rufipogon,Thailand,18.08 ,103.27 ,1.39 ,Or-I
W0178,O. rufipogon,Thailand,14.33 ,100.53 ,1.06 ,Or-I
W0179,O. rufipogon,Thailand,17.42 ,102.78 ,1.08 ,Or-I
W0180,O. rufipogon,Thailand,18.77 ,99.97 ,3.32 ,Or-II
W0234,O. rufipogon,Thailand,18.08 ,103.27 ,2.05 ,Or-II
W0549,O. rufipogon,India,13.00 ,77.60 ,1.35 ,Or-III
W0573,O. rufipogon,Malaya,3.10 ,101.50 ,1.86 ,Or-III
W0574,O. rufipogon,Malaya,3.10 ,101.50 ,2.38 ,Or-I
W0576,O. rufipogon,Malaya,5.80 ,102.38 ,3.69 ,Or-II
W0587,O. rufipogon,Malaya,5.70 ,102.53 ,1.37 ,Or-II
W0589,O. rufipogon,Malaya,5.70 ,102.53 ,1.21 ,Or-I
W0590,O. rufipogon,Malaya,5.70 ,102.53 ,1.94 ,Or-I
W0593,O. rufipogon,Malaya,3.14 ,101.69 ,0.84 ,Or-III
W0594,O. rufipogon,Malaya,3.14 ,101.69 ,1.37 ,Or-II
W0596,O. rufipogon,Malaya,3.14 ,101.69 ,1.06 ,Or-II
W0600,O. rufipogon,Malaya,5.14 ,102.81 ,0.97*,Or-II
W0605,O. rufipogon,Malaya,5.80 ,102.39 ,0.90 ,Or-I
W0606,O. rufipogon,Malaya,6.00 ,102.25 ,1.18 ,Or-II
W0610,O. rufipogon,Burma,16.80 ,96.15 ,0.71 ,Or-I
W0621,O. rufipogon,Burma,17.33 ,96.50 ,1.39 ,Or-III
W0623,O. rufipogon,Burma,17.55 ,96.62 ,0.50 ,Or-III
W0624,O. rufipogon,Burma,19.77 ,96.11 ,0.77 ,Or-II
W0625,O. rufipogon,Burma,19.77 ,96.11 ,0.50 ,Or-III
W0626,O. rufipogon,Burma,19.77 ,96.11 ,2.03 ,Or-I
W0627,O. rufipogon,Burma,19.77 ,96.11 ,1.29 ,Or-I
W0628,O. rufipogon,Burma,20.40 ,92.85 ,2.31 ,Or-II
W0629,O. rufipogon,Burma,20.40 ,92.85 ,0.36 ,Or-III
W0630,O. rufipogon,Burma,20.46 ,94.56 ,0.81 ,Or-I
W0631,O. rufipogon,Burma,18.82 ,95.22 ,0.52 ,Or-I
W0632,O. rufipogon,Burma,18.82 ,95.22 ,1.28 ,Or-I
W0633,O. rufipogon,Burma,18.82 ,95.22 ,0.50 ,Or-I
W0634,O. rufipogon,Burma,25.38 ,97.39 ,1.13 ,Or-II
W0635,O. rufipogon,Burma,19.77 ,96.11 ,0.52 ,Or-II
W0637,O. rufipogon,Burma,14.08 ,98.20 ,0.95 ,Or-III
W0638,O. rufipogon,Burma,14.08 ,98.20 ,1.25 ,Or-I
W0639,O. rufipogon,Burma,19.77 ,96.11 ,0.67 ,Or-I
W1080,O. rufipogon,India,27.00 ,88.40 ,1.54 ,Or-I
W1082,O. rufipogon,India,27.00 ,88.40 ,1.42 ,Or-I
W1083,O. rufipogon,India,27.00 ,88.40 ,1.37 ,Or-I
W1084,O. rufipogon,India,27.00 ,88.40 ,1.60 ,Or-I
W1086,O. rufipogon,India,27.00 ,88.40 ,1.49 ,Or-I
W1087,O. rufipogon,India,26.15 ,91.74 ,6.25 ,Or-II
W1090,O. rufipogon,India,26.15 ,91.74 ,0.26 ,Or-I
W1092,O. rufipogon,India,26.15 ,91.74 ,1.25 ,Or-I
W1093,O. rufipogon,India,26.15 ,91.74 ,5.09 ,Or-II
W1096,O. rufipogon,India,26.20 ,92.94 ,4.84 ,Or-II
W1102,O. rufipogon,India,26.20 ,92.94 ,0.85 ,Or-III
W1105,O. rufipogon,India,26.82 ,94.17 ,1.50 ,Or-I
W1107,O. rufipogon,India,26.82 ,94.17 ,1.59 ,Or-I
W1111,O. rufipogon,India,26.82 ,94.17 ,1.82 ,Or-I
W1112,O. rufipogon,India,26.82 ,94.17 ,0.76 ,Or-I
W1114,O. rufipogon,India,26.82 ,94.17 ,1.20 ,Or-III
W1117,O. rufipogon,India,26.82 ,94.17 ,1.58 ,Or-I
W1119,O. rufipogon,India,26.82 ,94.17 ,1.75 ,Or-III
W1121,O. rufipogon,India,26.82 ,94.17 ,1.17 ,Or-I
W1122,O. rufipogon,India,26.82 ,94.17 ,3.48 ,Or-II
W1124,O. rufipogon,India,26.59 ,94.20 ,3.10 ,Or-II
W1126,O. rufipogon,India,24.86 ,92.36 ,2.85 ,Or-II
W1142,O. rufipogon,India,20.46 ,85.93 ,1.05 ,Or-I
W1143,O. rufipogon,India,20.46 ,85.93 ,0.76 ,Or-I
W1161,O. rufipogon,Sri Lanka,6.55 ,80.10 ,1.36 ,Or-III
W1214,O. rufipogon,Philippines,7.86 ,124.86 ,2.92 ,Or-III
W1230,O. rufipogon,Dutch New Guinea,-4.63 ,138.93 ,0.97 ,Or-I
W1236,O. rufipogon,Australian New Guinea,-5.31 ,141.61 ,0.91 ,Or-II
W1238,O. rufipogon,Neth. New Guinea,-4.63 ,138.93 ,0.80 ,Or-III
W1244,O. rufipogon,Nepal,27.70 ,85.32 ,0.87 ,Or-III
W1292,O. rufipogon,Indonesia,3.29 ,117.00 ,0.98 ,Or-II
W1294,O. rufipogon,Philippines,7.86 ,124.86 ,0.93 ,Or-III
W1295,O. rufipogon,Cambodia,12.82 ,102.67 ,1.07 ,Or-I
W1532,O. rufipogon,India,20.46 ,85.88 ,0.92 ,Or-I
W1533,O. rufipogon,India,20.46 ,85.88 ,0.89 ,Or-I
W1534,O. rufipogon,India,28.64 ,77.23 ,0.63 ,Or-III
W1536,O. rufipogon,Sri Lanka,8.03 ,79.84 ,0.78 ,Or-III
W1542,O. rufipogon,Malaya,3.14 ,101.69 ,1.06 ,Or-III
W1546,O. rufipogon,Thailand,14.50 ,100.89 ,1.09 ,Or-I
W1547,O. rufipogon,Thailand,14.50 ,100.89 ,1.67 ,Or-I
W1550,O. rufipogon,Thailand,18.80 ,98.66 ,3.92 ,Or-II
W1551,O. rufipogon,Thailand,14.50 ,100.89 ,1.53 ,Or-I
W1552,O. rufipogon,Thailand,14.33 ,100.52 ,1.51 ,Or-II
W1553,O. rufipogon,Thailand,14.60 ,103.10 ,1.09 ,Or-II
W1554,O. rufipogon,Thailand,15.09 ,99.99 ,3.10 ,Or-II
W1555,O. rufipogon,Thailand,15.00 ,100.00 ,0.92 ,Or-II
W1556,O. rufipogon,Thailand,14.54 ,99.99 ,1.12 ,Or-II
W1557,O. rufipogon,Thailand,14.54 ,99.99 ,0.70 ,Or-II
W1558,O. rufipogon,Thailand,15.20 ,104.90 ,2.73 ,Or-II
W1559,O. rufipogon,Thailand,15.00 ,100.00 ,4.35 ,Or-I
W1560,O. rufipogon,Thailand,14.03 ,100.37 ,1.45 ,Or-III
W1619,O. rufipogon,Thailand,14.50 ,100.89 ,0.99 ,Or-I
W1666,O. rufipogon,India,26.34 ,89.03 ,0.68 ,Or-I
W1668,O. rufipogon,India,18.52 ,82.46 ,1.36 ,Or-III
W1669,O. rufipogon,India,19.08 ,82.45 ,3.56 ,Or-III
W1675,O. rufipogon,India,20.29 ,86.01 ,1.14 ,Or-I
W1676,O. rufipogon,India,20.29 ,86.01 ,1.12 ,Or-I
W1677,O. rufipogon,India,20.29 ,86.01 ,2.61 ,Or-I
W1679,O. rufipogon,India,20.29 ,86.01 ,1.36 ,Or-I
W1681,O. rufipogon,India,20.09 ,84.45 ,0.90 ,Or-I
W1683,O. rufipogon,India,20.10 ,84.48 ,6.75 ,Or-II
W1685,O. rufipogon,India,20.14 ,85.47 ,1.51 ,Or-I
W1687,O. rufipogon,India,23.04 ,88.17 ,2.31 ,Or-II
W1690,O. rufipogon,Thailand,19.41 ,99.34 ,1.42 ,Or-I
W1695,O. rufipogon,Thailand,19.45 ,99.44 ,1.16 ,Or-I
W1696,O. rufipogon,Thailand,19.45 ,99.44 ,0.67 ,Or-I
W1698,O. rufipogon,Thailand,14.34 ,100.59 ,1.63 ,Or-I
W1700,O. rufipogon,Thailand,14.30 ,100.55 ,1.08 ,Or-I
W1715,O. rufipogon,China,NA,NA,5.04 ,Or-II
W1716,O. rufipogon,China,NA,NA,4.05 ,Or-III
W1718,O. rufipogon,China,NA,NA,1.56 ,Or-II
W1719,O. rufipogon,China,NA,NA,0.99 ,Or-I
W1721,O. rufipogon,China,NA,NA,0.94 ,Or-I
W1723,O. rufipogon,China,NA,NA,1.07 ,Or-I
W1724,O. rufipogon,China,NA,NA,1.50 ,Or-III
W1725,O. rufipogon,Thailand,15.00 ,100.00 ,6.92 ,Or-III
W1726,O. rufipogon,Thailand,15.00 ,100.00 ,1.31 ,Or-I
W1727,O. rufipogon,Thailand,15.00 ,100.00 ,1.44 ,Or-I
W1731,O. rufipogon,India,20.46 ,85.88 ,1.51 ,Or-I
W1732,O. rufipogon,India,19.50 ,84.81 ,1.39 ,Or-III
W1735,O. rufipogon,India,26.92 ,75.82 ,1.71 ,Or-I
W1736,O. rufipogon,India,26.92 ,75.82 ,1.63 ,Or-II
W1737,O. rufipogon,India,26.92 ,75.82 ,1.14 ,Or-I
W1738,O. rufipogon,India,26.92 ,75.82 ,1.91 ,Or-I
W1739,O. rufipogon,India,26.92 ,75.82 ,1.30 ,Or-III
W1740,O. rufipogon,India,26.92 ,75.82 ,2.02 ,Or-I
W1741,O. rufipogon,India,26.92 ,75.82 ,1.33 ,Or-I
W1742,O. rufipogon,India,26.92 ,75.82 ,1.61 ,Or-II
W1743,O. rufipogon,India,26.92 ,75.82 ,1.09 ,Or-I
W1746,O. rufipogon,India,26.92 ,75.82 ,2.37 ,Or-III
W1747,O. rufipogon,India,26.92 ,75.82 ,1.34 ,Or-I
W1748,O. rufipogon,India,26.92 ,75.82 ,6.41 ,Or-III
W1749,O. rufipogon,India,18.40 ,81.68 ,1.33 ,Or-I
W1750,O. rufipogon,India,18.40 ,81.68 ,1.96 ,Or-I
W1751,O. rufipogon,India,18.40 ,81.68 ,0.72 ,Or-I
W1753,O. rufipogon,India,18.40 ,81.68 ,1.46 ,Or-I
W1754,O. rufipogon,India,20.27 ,81.50 ,2.11 ,Or-I
W1756,O. rufipogon,India,20.27 ,81.50 ,1.08 ,Or-I
W1757,O. rufipogon,India,20.27 ,81.50 ,3.79 ,Or-I
W1759,O. rufipogon,India,20.27 ,81.50 ,2.80 ,Or-III
W1761,O. rufipogon,India,21.25 ,81.63 ,1.22 ,Or-I
W1762,O. rufipogon,India,21.25 ,81.63 ,0.88 ,Or-I
W1766,O. rufipogon,India,21.25 ,81.63 ,3.19 ,Or-III
W1770,O. rufipogon,India,21.18 ,81.36 ,1.11 ,Or-I
W1777,O. rufipogon,India,19.95 ,79.30 ,4.84 ,Or-III
W1780,O. rufipogon,India,17.00 ,81.80 ,2.32 ,Or-II
W1782,O. rufipogon,India,12.31 ,76.64 ,3.48 ,Or-III
W1783,O. rufipogon,India,12.36 ,76.63 ,0.42 ,Or-III
W1784,O. rufipogon,India,12.31 ,76.66 ,0.54 ,Or-III
W1787,O. rufipogon,Thailand,15.00 ,100.00 ,1.76 ,Or-I
W1788,O. rufipogon,Thailand,15.00 ,100.00 ,2.95 ,Or-I
W1790,O. rufipogon,Thailand,15.00 ,100.00 ,6.72 ,Or-II
W1792,O. rufipogon,Thailand,15.00 ,100.00 ,2.71 ,Or-I
W1794,O. rufipogon,Thailand,15.00 ,100.00 ,1.89 ,Or-I
W1795,O. rufipogon,Thailand,15.00 ,100.00 ,2.07 ,Or-I
W1798,O. rufipogon,Thailand,15.00 ,100.00 ,3.28 ,Or-II
W1802,O. rufipogon,Bangladesh,23.71 ,90.41 ,1.82 ,Or-I
W1803,O. rufipogon,Sri Lanka,6.93 ,79.95 ,0.73 ,Or-III
W1804,O. rufipogon,Sri Lanka,6.93 ,79.95 ,3.99 ,Or-II
W1806,O. rufipogon,Sri Lanka,6.93 ,79.95 ,1.78 ,Or-I
W1807,O. rufipogon,Sri Lanka,6.93 ,79.95 ,0.65 ,Or-III
W1809,O. rufipogon,Sri Lanka,6.93 ,79.95 ,1.57 ,Or-III
W1810,O. rufipogon,Sri Lanka,6.93 ,79.95 ,1.91 ,Or-II
W1811,O. rufipogon,Sri Lanka,6.93 ,79.95 ,1.45 ,Or-III
W1813,O. rufipogon,Sri Lanka,6.93 ,79.95 ,0.89 ,Or-III
W1818,O. rufipogon,Bangladesh,23.71 ,90.41 ,2.13 ,Or-I
W1819,O. rufipogon,Bangladesh,23.71 ,90.41 ,1.41 ,Or-I
W1820,O. rufipogon,Bangladesh,23.71 ,90.41 ,1.04 ,Or-I
W1821,O. rufipogon,Bangladesh,23.71 ,90.41 ,1.18 ,Or-I
W1822,O. rufipogon,Bangladesh,23.71 ,90.41 ,1.05 ,Or-I
W1823,O. rufipogon,Bangladesh,23.71 ,90.41 ,1.07 ,Or-I
W1824,O. rufipogon,Bangladesh,23.71 ,90.41 ,1.36 ,Or-I
W1825,O. rufipogon,Bangladesh,23.71 ,90.41 ,0.54 ,Or-I
W1832,O. rufipogon,Thailand,13.92 ,100.59 ,1.56 ,Or-I
W1839,O. rufipogon,China,NA,NA,1.14 ,Or-I
W1844,O. rufipogon,China,NA,NA,1.29 ,Or-III
W1849,O. rufipogon,Thailand,19.56 ,99.70 ,9.77 ,Or-II
W1850,O. rufipogon,Thailand,19.56 ,99.70 ,4.57 ,Or-II
W1852,O. rufipogon,Thailand,20.28 ,100.09 ,1.57 ,Or-I
W1853,O. rufipogon,Thailand,19.75 ,99.73 ,1.38 ,Or-I
W1854,O. rufipogon,Thailand,19.64 ,99.52 ,4.73 ,Or-II
W1857,O. rufipogon,Thailand,18.35 ,99.53 ,3.99 ,Or-II
W1858,O. rufipogon,Thailand,17.53 ,100.12 ,1.31 ,Or-II
W1859,O. rufipogon,Thailand,17.52 ,100.12 ,4.65 ,Or-II
W1862,O. rufipogon,Thailand,16.82 ,100.34 ,2.43 ,Or-II
W1865,O. rufipogon,Thailand,14.56 ,100.98 ,1.32 ,Or-I
W1866,O. rufipogon,Thailand,14.57 ,100.99 ,1.62 ,Or-I
W1870,O. rufipogon,Thailand,15.23 ,102.50 ,4.18 ,Or-II
W1873,O. rufipogon,Thailand,16.35 ,102.86 ,0.78 ,Or-II
W1879,O. rufipogon,Thailand,17.03 ,102.91 ,1.40 ,Or-I
W1880,O. rufipogon,Thailand,17.03 ,102.91 ,2.90 ,Or-II
W1881,O. rufipogon,Thailand,17.03 ,102.91 ,1.35 ,Or-I
W1882,O. rufipogon,Thailand,17.03 ,102.91 ,2.12 ,Or-II
W1884,O. rufipogon,Thailand,17.03 ,102.91 ,2.30 ,Or-II
W1890,O. rufipogon,Thailand,17.85 ,102.75 ,3.36 ,Or-II
W1891,O. rufipogon,Thailand,17.85 ,102.75 ,1.71 ,Or-II
W1893,O. rufipogon,Thailand,17.35 ,102.89 ,1.59 ,Or-I
W1895,O. rufipogon,Thailand,17.25 ,104.18 ,1.95 ,Or-II
W1896,O. rufipogon,Thailand,17.25 ,104.18 ,2.95 ,Or-II
W1912,O. rufipogon,Thailand,15.05 ,104.10 ,1.75 ,Or-I
W1914,O. rufipogon,Thailand,14.95 ,103.75 ,3.12 ,Or-I
W1916,O. rufipogon,Thailand,14.92 ,103.51 ,3.61 ,Or-II
W1919,O. rufipogon,Thailand,14.73 ,102.19 ,1.72 ,Or-II
W1921,O. rufipogon,Thailand,14.44 ,100.90 ,1.25 ,Or-I
W1925,O. rufipogon,Thailand,15.55 ,100.12 ,1.23 ,Or-I
W1927,O. rufipogon,Thailand,15.46 ,100.13 ,1.33 ,Or-II
W1928,O. rufipogon,Thailand,15.29 ,100.18 ,1.29 ,Or-I
W1935,O. rufipogon,Thailand,6.89 ,100.53 ,0.97 ,Or-I
W1939,O. rufipogon,Thailand,8.54 ,99.73 ,1.61 ,Or-II
W1940,O. rufipogon,Thailand,14.92 ,103.51 ,5.04 ,Or-II
W1943,O. rufipogon,China,NA,NA,3.41*,Or-III
W1945,O. rufipogon,China,NA,NA,2.17 ,Or-III
W1952,O. rufipogon,China,NA,NA,2.38 ,Or-III
W1957,O. rufipogon,China,NA,NA,1.01 ,Or-III
W1958,O. rufipogon,China,NA,NA,1.23 ,Or-III
W1959,O. rufipogon,China,NA,NA,1.72 ,Or-I
W1963,O. rufipogon,China,NA,NA,2.49 ,Or-III
W1970,O. rufipogon,Indonesia,-6.40 ,106.82 ,1.53 ,Or-I
W1971,O. rufipogon,Indonesia,-6.40 ,106.82 ,1.88 ,Or-II
W1972,O. rufipogon,Indonesia,-6.40 ,106.82 ,2.71 ,Or-II
W1973,O. rufipogon,Indonesia,-6.40 ,106.82 ,2.74 ,Or-III
W1974,O. rufipogon,Indonesia,-2.99 ,104.76 ,2.16 ,Or-II
W1975,O. rufipogon,Indonesia,-2.99 ,104.76 ,2.74 ,Or-II
W1976,O. rufipogon,Indonesia,-6.40 ,106.82 ,1.83 ,Or-II
W1977,O. rufipogon,Indonesia,-6.40 ,106.82 ,3.98 ,Or-II
W1978,O. rufipogon,Indonesia,-6.40 ,106.82 ,1.99 ,Or-II
W1979,O. rufipogon,Indonesia,-6.40 ,106.82 ,2.27 ,Or-II
W1981,O. rufipogon,Indonesia,-2.99 ,104.76 ,1.36 ,Or-II
W1983,O. rufipogon,India,18.50 ,73.15 ,2.04 ,Or-I
W1989,O. rufipogon,India,20.30 ,73.00 ,1.25 ,Or-III
W1990,O. rufipogon,India,23.10 ,72.45 ,1.34 ,Or-III
W1991,O. rufipogon,India,22.30 ,71.05 ,1.84 ,Or-III
W1993,O. rufipogon,India,24.60 ,72.80 ,1.33 ,Or-III
W1995,O. rufipogon,India,22.42 ,73.00 ,0.85 ,Or-III
W1998,O. rufipogon,India,22.20 ,73.20 ,2.24 ,Or-III
W2003,O. rufipogon,India,15.30 ,73.50 ,1.88 ,Or-III
W2005,O. rufipogon,India,15.35 ,74.20 ,1.97 ,Or-III
W2007,O. rufipogon,India,16.00 ,74.30 ,1.53 ,Or-III
W2008,O. rufipogon,India,16.20 ,74.20 ,1.64 ,Or-III
W2010,O. rufipogon,India,19.00 ,73.06 ,1.06 ,Or-III
W2012,O. rufipogon,India,19.80 ,72.55 ,1.08 ,Or-III
W2014,O. rufipogon,India,20.18 ,72.55 ,0.88 ,Or-III
W2017,O. rufipogon,Indonesia,-7.60 ,110.70 ,2.62 ,Or-II
W2021,O. rufipogon,Indonesia,3.29 ,117.00 ,2.64 ,Or-II
W2022,O. rufipogon,Indonesia,3.29 ,117.00 ,4.27 ,Or-II
W2024,O. rufipogon,Indonesia,3.29 ,117.00 ,4.38 ,Or-II
W2025,O. rufipogon,Indonesia,3.29 ,117.00 ,1.21 ,Or-II
W2030,O. rufipogon,Indonesia,-3.00 ,105.00 ,2.47 ,Or-II
W2036,O. rufipogon,Burma,17.33 ,96.50 ,1.38 ,Or-III
W2050,O. rufipogon,Bangladesh,23.71 ,90.41 ,1.80 ,Or-II
W2051,O. rufipogon,Bangladesh,23.71 ,90.41 ,1.45 ,Or-II
W2052,O. rufipogon,Bangladesh,23.71 ,90.41 ,1.37 ,Or-II
W2053,O. rufipogon,Bangladesh,23.71 ,90.41 ,1.80 ,Or-I
W2055,O. rufipogon,Bangladesh,24.48 ,91.78 ,2.10 ,Or-II
W2056,O. rufipogon,Bangladesh,24.48 ,91.78 ,1.71 ,Or-II
W2057,O. rufipogon,Bangladesh,24.48 ,91.78 ,2.10 ,Or-III
W2060,O. rufipogon,Bangladesh,24.25 ,89.92 ,1.37 ,Or-I
W2061,O. rufipogon,Bangladesh,24.25 ,89.92 ,1.20 ,Or-I
W2063,O. rufipogon,Bangladesh,22.82 ,89.55 ,2.05 ,Or-I
W2064,O. rufipogon,Bangladesh,22.82 ,89.55 ,2.82 ,Or-I
W2066,O. rufipogon,Nepal,28.60 ,81.60 ,1.66 ,Or-III
W2078,O. rufipogon,Australia,-14.30 ,132.40 ,1.18 ,Or-III
W2099,O. rufipogon,Australia,-13.07 ,142.07 ,1.67 ,Or-III
W2108,O. rufipogon,Australia,-13.07 ,142.07 ,2.22 ,Or-III
W2193,O. rufipogon,India,24.83 ,93.93 ,1.54 ,Or-I
W2197,O. rufipogon,Indonesia,3.29 ,117.00 ,3.63 ,Or-II
W2198,O. rufipogon,China,NA,NA,4.36 ,Or-III
W2263,O. rufipogon,Cambodia,11.33 ,104.50 ,1.80 ,Or-I
W2264,O. rufipogon,Vietnam,10.20 ,105.47 ,1.29 ,Or-II
W2265,O. rufipogon,Laos,14.50 ,105.49 ,3.58 ,Or-I
W2266,O. rufipogon,Laos,18.01 ,102.39 ,1.47 ,Or-II
W2267,O. rufipogon,Laos,18.14 ,102.42 ,2.09 ,Or-III
W2268,O. rufipogon,Thailand,14.35 ,101.00 ,1.71 ,Or-I
W2269,O. rufipogon,Thailand,17.42 ,102.46 ,1.18 ,Or-I
W2271,O. rufipogon,Thailand,16.57 ,102.55 ,1.61 ,Or-I
W2272,O. rufipogon,Thailand,16.21 ,102.48 ,1.78 ,Or-II
W2275,O. rufipogon,Thailand,16.09 ,100.37 ,0.93 ,Or-I
W2276,O. rufipogon,Thailand,16.49 ,100.21 ,1.35 ,Or-II
W2277,O. rufipogon,Thailand,15.13 ,100.12 ,1.28 ,Or-I
W2278,O. rufipogon,Thailand,14.30 ,100.31 ,2.73 ,Or-I
W2282,O. rufipogon,Thailand,16.49 ,99.47 ,4.90 ,Or-II
W2283,O. rufipogon,Thailand,16.49 ,99.47 ,2.17 ,Or-II
W2284,O. rufipogon,Thailand,16.49 ,99.47 ,1.12 ,Or-II
W2288,O. rufipogon,Cambodia,11.04 ,106.09 ,2.80 ,Or-II
W2296,O. rufipogon,Cambodia,11.32 ,104.50 ,1.43 ,Or-I
W2298,O. rufipogon,Laos,15.09 ,105.46 ,0.89 ,Or-I
W2299,O. rufipogon,Laos,15.09 ,105.46 ,1.45 ,Or-I
W2301,O. rufipogon,Laos,15.12 ,105.43 ,1.96 ,Or-I
W2302,O. rufipogon,Laos,15.12 ,105.43 ,2.55 ,Or-I
W2303,O. rufipogon,Laos,15.06 ,105.49 ,1.50 ,Or-I
W2304,O. rufipogon,Laos,15.03 ,105.54 ,2.66 ,Or-I
W2305,O. rufipogon,Laos,14.50 ,105.50 ,1.64 ,Or-I
W2306,O. rufipogon,Laos,14.50 ,105.50 ,3.15 ,Or-I
W2307,O. rufipogon,Laos,14.52 ,105.52 ,2.53 ,Or-I
W2308,O. rufipogon,Laos,17.57 ,102.38 ,2.47 ,Or-II
W2310,O. rufipogon,Laos,17.51 ,102.36 ,2.28 ,Or-II
W2311,O. rufipogon,Laos,17.52 ,102.36 ,2.35 ,Or-II
W2316,O. rufipogon,Vietnam,10.39 ,107.02 ,3.75 ,Or-I
W2318,O. rufipogon,Vietnam,10.24 ,106.06 ,3.60 ,Or-II
W2319,O. rufipogon,Vietnam,10.33 ,106.25 ,3.00 ,Or-I
W2320,O. rufipogon,Vietnam,10.42 ,105.36 ,0.66 ,Or-II
W2321,O. rufipogon,Vietnam,10.44 ,105.37 ,1.60 ,Or-II
W2322,O. rufipogon,Vietnam,10.45 ,105.32 ,1.98 ,Or-II
W2327,O. rufipogon,Vietnam,10.00 ,105.45 ,1.06 ,Or-II
W2331,O. rufipogon,Vietnam,21.03 ,105.85 ,2.10 ,Or-I
W2332,O. rufipogon,Vietnam,21.03 ,105.85 ,2.36 ,Or-I
W3000,O. rufipogon,China,21.38 ,110.25 ,0.97 ,Or-III
W3001,O. rufipogon,China,21.38 ,110.25 ,0.69 ,Or-III
W3002,O. rufipogon,China,22.19 ,112.31 ,2.95 ,Or-III
W3003,O. rufipogon,China,22.19 ,112.31 ,0.39 ,Or-II
W3004,O. rufipogon,China,22.25 ,112.79 ,2.11 ,Or-III
W3005,O. rufipogon,China,22.25 ,112.79 ,1.19 ,Or-III
W3006,O. rufipogon,China,22.38 ,112.69 ,1.61 ,Or-III
W3007,O. rufipogon,China,22.38 ,112.69 ,2.62 ,Or-III
W3008,O. rufipogon,China,22.53 ,113.04 ,0.68 ,Or-III
W3009,O. rufipogon,China,22.89 ,112.85 ,1.99 ,Or-III
W3010,O. rufipogon,China,23.17 ,112.89 ,2.67 ,Or-III
W3011,O. rufipogon,China,23.17 ,112.89 ,1.27 ,Or-III
W3012,O. rufipogon,China,23.12 ,113.26 ,1.83 ,Or-III
W3013,O. rufipogon,China,23.12 ,113.26 ,1.78 ,Or-III
W3014,O. rufipogon,China,23.29 ,113.83 ,3.60 ,Or-III
W3015,O. rufipogon,China,23.29 ,113.83 ,1.97 ,Or-III
W3016,O. rufipogon,China,23.05 ,113.75 ,0.57 ,Or-III
W3017,O. rufipogon,China,23.05 ,113.75 ,2.00 ,Or-III
W3018,O. rufipogon,China,22.80 ,114.46 ,1.57 ,Or-III
W3019,O. rufipogon,China,22.80 ,114.46 ,0.83 ,Or-III
W3020,O. rufipogon,China,23.17 ,112.89 ,2.17 ,Or-III
W3021,O. rufipogon,China,23.87 ,113.53 ,1.43 ,Or-III
W3022,O. rufipogon,China,23.72 ,113.02 ,1.58 ,Or-III
W3023,O. rufipogon,China,23.72 ,113.02 ,1.84 ,Or-III
W3024,O. rufipogon,China,23.87 ,113.53 ,0.66 ,Or-III
W3025,O. rufipogon,China,23.72 ,113.02 ,0.53 ,Or-III
W3026,O. rufipogon,China,23.64 ,115.17 ,0.87 ,Or-III
W3027,O. rufipogon,China,21.95 ,108.61 ,3.94 ,Or-III
W3028,O. rufipogon,China,21.95 ,108.61 ,2.65 ,Or-III
W3029,O. rufipogon,China,21.80 ,109.19 ,0.67 ,Or-III
W3030,O. rufipogon,China,21.80 ,109.19 ,2.41 ,Or-III
W3031,O. rufipogon,China,21.77 ,108.36 ,1.32 ,Or-III
W3032,O. rufipogon,China,21.77 ,108.36 ,0.73 ,Or-III
W3033,O. rufipogon,China,22.28 ,109.97 ,1.30 ,Or-III
W3034,O. rufipogon,China,22.28 ,109.97 ,2.01 ,Or-III
W3035,O. rufipogon,China,22.63 ,110.14 ,0.94 ,Or-III
W3036,O. rufipogon,China,22.63 ,110.14 ,0.56 ,Or-III
W3037,O. rufipogon,China,23.07 ,109.36 ,1.05 ,Or-III
W3038,O. rufipogon,China,23.07 ,109.36 ,1.23 ,Or-III
W3039,O. rufipogon,China,23.39 ,110.07 ,1.00 ,Or-III
W3040,O. rufipogon,China,23.39 ,110.07 ,1.75 ,Or-III
W3041,O. rufipogon,China,22.75 ,108.49 ,3.55 ,Or-III
W3042,O. rufipogon,China,22.75 ,108.49 ,1.63 ,Or-III
W3043,O. rufipogon,China,23.17 ,108.28 ,2.55 ,Or-III
W3044,O. rufipogon,China,23.17 ,108.28 ,3.99 ,Or-III
W3045,O. rufipogon,China,22.69 ,109.27 ,2.10 ,Or-III
W3046,O. rufipogon,China,22.69 ,109.27 ,5.10 ,Or-III
W3047,O. rufipogon,China,23.73 ,106.91 ,3.88 ,Or-III
W3048,O. rufipogon,China,23.90 ,106.61 ,4.58 ,Or-III
W3049,O. rufipogon,China,23.90 ,106.61 ,3.96 ,Or-III
W3050,O. rufipogon,China,23.90 ,106.61 ,3.77 ,Or-III
W3051,O. rufipogon,China,23.90 ,106.61 ,3.23 ,Or-III
W3052,O. rufipogon,China,23.73 ,106.91 ,3.73 ,Or-III
W3053,O. rufipogon,China,19.10 ,110.35 ,1.22 ,Or-III
W3054,O. rufipogon,China,19.10 ,110.35 ,1.89 ,Or-III
W3055,O. rufipogon,China,19.10 ,110.35 ,1.11 ,Or-III
W3056,O. rufipogon,China,19.50 ,109.50 ,0.74 ,Or-III
W3057,O. rufipogon,China,19.50 ,109.50 ,1.38 ,Or-III
W3058,O. rufipogon,China,19.10 ,109.00 ,1.42 ,Or-III
W3059,O. rufipogon,China,19.10 ,109.00 ,1.72 ,Or-III
W3060,O. rufipogon,China,18.75 ,109.17 ,1.77 ,Or-III
W3061,O. rufipogon,China,18.75 ,109.17 ,1.22 ,Or-III
W3062,O. rufipogon,China,19.10 ,109.00 ,2.25 ,Or-III
W3063,O. rufipogon,China,19.10 ,109.00 ,1.32 ,Or-III
W3064,O. rufipogon,China,19.25 ,110.46 ,0.87 ,Or-III
W3065,O. rufipogon,China,19.25 ,110.46 ,4.02 ,Or-III
W3066,O. rufipogon,China,18.75 ,109.17 ,3.44 ,Or-III
W3067,O. rufipogon,China,18.65 ,109.80 ,3.70 ,Or-II
W3068,O. rufipogon,China,18.65 ,109.80 ,1.75 ,Or-II
W3069,O. rufipogon,China,18.65 ,109.80 ,2.73 ,Or-III
W3070,O. rufipogon,China,18.65 ,109.80 ,4.16 ,Or-III
W3071,O. rufipogon,China,19.62 ,110.70 ,3.11 ,Or-III
W3072,O. rufipogon,China,19.62 ,110.70 ,4.73 ,Or-II
W3073,O. rufipogon,China,19.62 ,110.70 ,3.27 ,Or-III
W3074,O. rufipogon,China,19.62 ,110.70 ,2.76 ,Or-III
W3075,O. rufipogon,China,28.23 ,116.61 ,1.53 ,Or-III
W3076,O. rufipogon,China,28.23 ,116.61 ,0.44 ,Or-III
W3077,O. rufipogon,China,28.23 ,116.61 ,0.65 ,Or-III
W3078,O. rufipogon,China,28.23 ,116.61 ,1.05 ,Or-III
W3079,O. rufipogon,China,28.23 ,116.61 ,1.62 ,Or-III
W3080,O. rufipogon,China,28.23 ,116.61 ,1.69 ,Or-III
W3081,O. rufipogon,China,28.23 ,116.61 ,0.93 ,Or-III
W3082,O. rufipogon,China,28.23 ,116.61 ,1.46 ,Or-III
W3083,O. rufipogon,China,22.10 ,100.79 ,1.04 ,Or-III
W3084,O. rufipogon,China,22.10 ,100.79 ,1.95 ,Or-II
W3085,O. rufipogon,China,23.60 ,102.01 ,1.18 ,Or-III
W3086,O. rufipogon,China,23.60 ,102.01 ,1.53 ,Or-III
W3087,O. rufipogon,China,23.60 ,102.01 ,0.65 ,Or-III
W3088,O. rufipogon,China,23.60 ,102.01 ,0.35 ,Or-III
W3089,O. rufipogon,China,22.10 ,100.79 ,1.93 ,Or-II
W3090,O. rufipogon,China,22.10 ,100.79 ,1.17 ,Or-II
W3091,O. rufipogon,China,26.80 ,113.55 ,1.81 ,Or-II
W3092,O. rufipogon,China,26.80 ,113.55 ,2.70 ,Or-III
W3093,O. rufipogon,China,25.28 ,111.34 ,0.27 ,Or-III
W3094,O. rufipogon,China,25.28 ,111.34 ,2.89 ,Or-III
W3095,O. rufipogon,China,25.28 ,111.34 ,1.66 ,Or-III
W3096,O. rufipogon,China,25.28 ,111.34 ,0.86 ,Or-III
W3097,O. rufipogon,China,25.28 ,111.34 ,1.92 ,Or-II
W3098,O. rufipogon,China,25.28 ,111.34 ,1.79 ,Or-II
W3105,O. rufipogon,India,NA,NA,40.00 ,Or-I
*The two accessions also have deep sequencing dataset for evaluation the accuracy fo the low-coverage sequencing,,,,,,
