Domain_ID	Pfam_identifier	Pfam_description	Interpro_entry	ID	Size	Pair/Putpair_Size	Pair/Putpair_Ratio	Araport11_NLRs	Araport11_Architectures	Araport11	Brassicaceae_NLRs	Brassicaceae_Architectures	Brassicaceae	At-pan-NLRome_NLRs	At-panNLR'ome_Architectures	At-panNLR'ome	Kroj_et_al._Table_S3	Sarris_et_al._TableS14_RightP_lt_0.01	Number_Accessions
NB	NB-ARC	NB-ARC domain	IPR002182	0	10724	1674	.156098	167	16	1	4504	270	1	10724	80	1	0	0	65
TIR	TIR	TIR domain	IPR000157	0	8354	1230	.147234	134	10	1	3492	199	1	8354	53	1	0	0	65
LRR	LRR	Leucine Rich Repeats	IPR001611|IPR011713|IPR026906	0	6909	1228	.177739	106	9	1	2233	155	1	6909	52	1	0	0	65
Coil			NA	0	2068	125	.060444	36	7	1	825	70	1	2068	28	1	0	0	65
RPW8	RPW8	Arabidopsis broad-spectrum mildew resistance protein RPW8	IPR008808	0	852	0	0	11	4	1	284	19	1	852	11	1	1	0	65
PF03106	WRKY	WRKY DNA -binding domain	IPR003657	1	175	159	.908571	3	2	1	15	8	1	175	14	1	1	1	65
PF14299	PP2	Phloem protein 2	IPR025886	1	108	0	0	4	1	1	77	4	1	108	1	1	1	1	52
PF12315	DA1-like	Protein DA1	IPR022087	1	89	25	.280898	2	2	1	12	6	1	89	9	1	0	0	61
PF00412	LIM	LIM domain	IPR001781	1	88	25	.284090	2	2	1	11	5	1	88	8	1	0	1	59
PF00069	Pkinase	Protein kinase domain	IPR000719	1	77	66	.857142	1	1	1	13	9	1	77	8	1	1	1	54
PF04548	AIG1	AIG1 family	IPR006703	1	46	45	.978260	1	1	1	4	3	1	46	5	1	0	0	45
PF04859	DUF641	Plant protein of unknown function (DUF641)	IPR006943	1	46	0	0	1	1	1	0	0	0	46	2	1	0	0	45
PF08381	BRX	Transcription factor regulating root and shoot growth via Pin3	IPR013591	1	46	0	0	1	1	1	7	3	1	46	2	1	0	1	45
PF02671	PAH	Paired amphipathic helix repeat	IPR003822	1	44	37	.840909	1	1	1	2	2	1	44	4	1	1	1	43
PF00635	Motile_Sperm	MSP (Major sperm protein) domain	IPR000535	1	39	0	0	1	1	1	0	0	0	39	1	1	0	0	38
PF00642	zf-CCCH	Zinc finger C-x8-C-x5-C-x3-H type (and similar)	IPR000571	1	19	18	.947368	0	0	0	19	4	1	19	4	1	0	1	19
PF03634	TCP	TCP family transcription factor	IPR005333	1	16	15	.937500	0	0	0	4	3	1	16	3	1	0	0	16
PF04852	DUF640	Protein of unknown function (DUF640)	IPR006936	1	16	0	0	0	0	0	3	3	1	16	1	1	1	1	16
PF02362	B3	B3 DNA binding domain	IPR003340	1	15	14	.933333	0	0	0	28	11	1	15	3	1	1	1	15
PF05553	DUF761	Cotton fibre expressed protein	IPR008480	1	15	14	.933333	0	0	0	3	2	1	15	3	1	0	1	15
PF06552	TOM20_plant	Plant specific mitochondrial import receptor subunit TOM20	IPR010547	1	10	0	0	0	0	0	0	0	0	10	5	1	0	0	10
PF07887	Calmodulin_bind	Calmodulin binding protein-like	IPR012416	1	10	8	.800000	0	0	0	16	8	1	10	1	1	0	1	10
PF06984	MRP-L47	Mitochondrial 39-S ribosomal protein L47 (MRP-L47)	IPR010729	1	9	0	0	0	0	0	0	0	0	9	1	1	0	0	9
PF14223	Retrotran_gag_2	gag-polypeptide of LTR copia-type	NA	1	8	0	0	0	0	0	9	9	1	8	1	1	0	0	8
PF07714	Pkinase_Tyr	Protein tyrosine kinase	IPR001245	1	7	6	.857142	0	0	0	3	3	1	7	4	1	1	1	7
PF13442	Cytochrome_CBB3	Cytochrome C oxidase, cbb3-type, subunit III 	IPR009056	1	7	7	1.000000	0	0	0	2	2	1	7	1	1	0	0	7
PF01451	LMWPc	Low molecular weight phosphotyrosine protein phosphatase	IPR023485	1	6	0	0	0	0	0	0	0	0	6	3	1	0	0	6
PF13041	PPR_2	PPR repeat family 	IPR002885	1	3	0	0	0	0	0	11	9	1	3	2	1	1	1	3
PF00004	AAA	ATPase family associated with various cellular activities (AAA)	IPR003959	1	2	0	0	0	0	0	13	5	1	2	2	1	0	0	2
PF01535	PPR	PPR repeat	IPR002885	1	2	0	0	0	0	0	12	10	1	2	1	1	1	0	2
PF03501	S10_plectin	Plectin/S10 domain	IPR005326	1	2	0	0	0	0	0	2	2	1	2	1	1	0	0	2
PF06026	Rib_5-P_isom_A	Ribose 5-phosphate isomerase A (phosphoriboisomerase A)	IPR004788	1	2	0	0	0	0	0	4	3	1	2	1	1	0	0	2
PF00170	bZIP_1	bZIP transcription factor	IPR004827	1	1	0	0	0	0	0	0	0	0	1	1	1	0	0	1
PF00380	Ribosomal_S9	Ribosomal protein S9/S16	IPR000754	1	1	0	0	0	0	0	2	2	1	1	1	1	0	0	1
PF00743	FMO-like	Flavin-binding monooxygenase-like	IPR020946	1	1	0	0	0	0	0	4	2	1	1	1	1	0	0	1
PF01434	Peptidase_M41	Peptidase family M41	IPR000642	1	1	0	0	0	0	0	0	0	0	1	1	1	0	0	1
PF01485	IBR	IBR domain, a half RING-finger domain	IPR002867	1	1	0	0	0	0	0	0	0	0	1	1	1	0	0	1
PF03637	Mob1_phocein	Mob1/phocein family	IPR005301	1	1	0	0	0	0	0	1	1	1	1	1	1	0	1	1
PF04864	Alliinase_C	Allinase	IPR006948	1	1	0	0	0	0	0	0	0	0	1	1	1	1	1	1
PF08268	FBA_3	F-box associated domain	IPR013187	1	1	0	0	0	0	0	2	2	1	1	1	1	0	0	1
PF14363	AAA_assoc	Domain associated at C-terminal with AAA	IPR025753	1	1	0	0	0	0	0	7	1	1	1	1	1	0	0	1
