seqname	Status	Subclass (putative)	Domain	Domain architecture simplified
Os01t0112800-00	NLR	CC-NLR	(NBARC)(LRR)	NL
Os01t0113150-00	NLR	CC-NLR or CCR-NLR or CCG10-NLR	(NBARC)(LRR)	NL
Os01t0149350-00	NLR	CC-NLR	(CC)(NBARC)(LRR)	CNL
Os01t0149500-01	NLR	CC-NLR	(CC)(NBARC)(LRR)	CNL
Os01t0260500-01	NLR	CC-NLR	(CC)(NBARC)(LRR)	CNL
Os01t0269500-01	CCX	CCX	(CC)	C
Os01t0269800-00	degenerate NLR	CC-NLR or CCR-NLR or CCG10-NLR	(LRR)	L
Os01t0308300-00	NLR	CC-NLR	(CC)(NBARC)(LRR)	CNL
Os01t0335700-01	NLR	CC-NLR	(CC)(NBARC)(LRR)	CNL
Os01t0350300-00	NLR	UNDETERMINED	(NBARC)	N
Os01t0358700-01	NLR	CC-NLR	(CC)(NBARC)	CN
Os01t0359400-01	NLR	CC-NLR	(CC)(NBARC)	CN
Os01t0359400-02	NLR	CC-NLR	(CC)(NBARC)	CN
Os01t0359400-03	NLR	CC-NLR	(CC)(NBARC)	CN
Os01t0359600-00	NLR	CC-NLR	(CC)(NBARC)(LRR)(LRR)	CNL
Os01t0359800-00	NLR	CC-NLR	(CC)(NBARC)(LRR)(LRR)	CNL
Os01t0520600-01	NLR	CC-NLR	(CC)(NBARC)(LRR)	CNL
Os01t0521600-00	CCX	CCX	(CC)	C
Os01t0536501-00	NLR	CC-NLR	(NBARC)(LRR)	NL
Os01t0536950-00	CCX	CCX	(CC)	C
Os01t0547000-01	NLR	CC-NLR	(CC)(NBARC)(LRR)	CNL
Os01t0603100-01	NLR	CC-NLR	(CC)(NBARC)	CN
Os01t0608400-00	CCX	CCX	(CC)	C
Os01t0621600-01	MLKL	MLKL	(MLKL)(PKin)	MO
Os01t0720800-01	NLR	UNDETERMINED	(NBARC)	N
Os01t0720900-00	NLR	CC-NLR	(CC)(NBARC)	CN
Os01t0721000-01	degenerate NLR	CC-NLR	(CC)(PLOOP)	CP
Os01t0721100-01	CCX	CCX	(CC)	C
Os01t0721200-00	NLR	CC-NLR	(CC)(NBARC)	CN
Os01t0721300-00	NLR	CC-NLR	(CC)(NBARC)	CN
Os01t0721400-01	degenerate NLR	CC-NLR	(CC)(PLOOP)	CP
Os01t0721500-01	degenerate NLR	CC-NLR	(CC)(PLOOP)	CP
Os01t0721800-01	degenerate NLR	CC-NLR	(CC)(PLOOP)	CP
Os01t0760400-01	NLR	TN (OTHER)	(TIR)(NBARC)	TN
Os01t0781100-01	NLR	CC-NLR	(CC)(NBARC)(LRR)	CNL
Os01t0781200-01	NLR	CC-NLR	(CC)(NBARC)(LRR)	CNL
Os01t0781700-01	NLR	CC-NLR	(CC)(NBARC)(LRR)	CNL
Os01t0782100-01	NLR	CC-NLR	(CC)(NBARC)(LRR)(LRR)	CNL
Os01t0788500-01	NLR	CC-NLR or CCR-NLR or CCG10-NLR	(NBARC)(LRR)	NL
Os01t0798900-00	NLR	UNDETERMINED	(NBARC)	N
Os01t0799000-00	degenerate NLR	CC-NLR or CCR-NLR or CCG10-NLR	(LRR)	L
Os01t0799100-01	NLR	CC-NLR or CCR-NLR or CCG10-NLR	(NBARC)(LRR)(LRR)	NL
Os01t0925100-01	CCX	CCX	(CC)	C
Os01t0937300-01	NLR	CC-NLR	(CC)(NBARC)(LRR)	CNL
Os01t0937300-03	NLR	CC-NLR	(CC)(NBARC)(LRR)	CNL
Os01t0937400-01	NLR	CC-NLR	(CC)(NBARC)	CN
Os01t0953400-01	degenerate NLR	CC-NLR or CCR-NLR or CCG10-NLR	(LRR)	L
Os01t0956800-00	NLR	CC-NLR or CCR-NLR or CCG10-NLR	(NBARC)(LRR)	NL
Os02t0118875-00	NLR	UNDETERMINED	(NBARC)	N
Os02t0191000-01	NLR	CC-NLR	(CC)(NBARC)(LRR)	CNL
Os02t0199200-00	NLR	UNDETERMINED	(NBARC)	N
Os02t0203500-01	NLR	UNDETERMINED	(NBARC)(ARM)	NO
Os02t0261800-00	NLR	CC-NLR	(CC)(NBARC)	CN
Os02t0262600-00	NLR	UNDETERMINED	(NBARC)	N
Os02t0262800-01	NLR	CC-NLR	(CC)(NBARC)(LRR)	CNL
Os02t0272900-01	NLR	CC-NLR	(CC)(NBARC)(LRR)	CNL
Os02t0281200-01	NLR	CC-NLR	(CC)(NBARC)(LRR)	CNL
Os02t0281200-02	NLR	UNDETERMINED	(NBARC)	N
Os02t0282000-01	NLR	CC-NLR	(CC)(NBARC)(LRR)	CNL
Os02t0282500-00	NLR	CC-NLR	(CC)(NBARC)	CN
Os02t0286850-00	NLR	CC-NLR	(NBARC)	N
Os02t0300500-00	NLR	CC-NLR	(CC)(NBARC)(LRR)	CNL
Os02t0301800-01	NLR	CC-NLR	(CC)(NBARC)	CN
Os02t0301800-02	NLR	CC-NLR	(CC)(NBARC)(LRR)(JAC)	CNLO
Os02t0307700-00	CCX	CCX	(CC)	C
Os02t0456800-01	NLR	CC-NLR	(CC)(NBARC)(LRR)	CNL
Os02t0475500-00	NLR	CC-NLR or CCR-NLR or CCG10-NLR	(NBARC)(LRR)	NL
Os02t0504200-00	NLR	CC-NLR	(CC)(NBARC)(LRR)(LRR)	CNL
Os02t0597200-01	CCX	CCX	(CC)	C
Os02t0612200-01	NLR	UNDETERMINED	(NBARC)	N
Os02t0627900-00	NLR	CC-NLR	(CC)(NBARC)	CN
Os02t0818500-03	degenerate NLR	CC-NLR	(CC)(PLOOP)	CP
Os03t0254000-01	NLR	CC-NLR or CCR-NLR or CCG10-NLR	(NBARC)(LRR)	NL
Os03t0324600-01	NLR	CC-NLR	(CC)(NBARC)(LRR)	CNL
Os03t0379700-00	CCX	CCX	(CC)	C
Os03t0379801-00	NLR	CC-NLR or CCR-NLR or CCG10-NLR	(NBARC)(LRR)	NL
Os03t0422900-00	NLR	CC-NLR	(CC)(NBARC)	CN
Os03t0573500-00	NLR	CC-NLR or CCR-NLR or CCG10-NLR	(NBARC)(LRR)(LRR)	NL
Os03t0579200-00	NLR	CC-NLR	(CC)(NBARC)(LRR)	CNL
Os03t0599000-01	NLR	CC-NLR	(NBARC)(LRR)	NL
Os03t0599400-01	degenerate NLR	CC-NLR or CCR-NLR or CCG10-NLR	(LRR)	L
Os03t0689400-01	NLR	CC-NLR or CCR-NLR or CCG10-NLR	(NBARC)(LRR)	NL
Os03t0709200-01	NLR	CC-NLR	(CC)(NBARC)(LRR)	CNL
Os03t0848700-01	NLR	CC-NLR	(CC)(NBARC)(LRR)	CNL
Os03t0849500-00	NLR	CC-NLR	(CC)(NBARC)(LRR)	CNL
Os04t0111100-00	NLR	CC-NLR	(NBARC)(LRR)(LRR)	NL
Os04t0111900-01	NLR	CC-NLR or CCR-NLR or CCG10-NLR	(NBARC)(LRR)(LRR)	NL
Os04t0111900-02	NLR	CC-NLR or CCR-NLR or CCG10-NLR	(NBARC)(LRR)(LRR)	NL
Os04t0112100-01	NLR	CC-NLR	(CC)(NBARC)	CN
Os04t0118800-00	NLR	CC-NLR	(CC)(NBARC)(LRR)	CNL
Os04t0193950-00	NLR	CC-NLR	(NBARC)	N
Os04t0219600-01	NLR	CC-NLR	(CC)(NBARC)(LRR)	CNL
Os04t0375300-00	NLR	CC-NLR	(CC)(NBARC)(LRR)	CNL
Os04t0378575-00	NLR	CC-NLR	(CC)(NBARC)(LRR)(LRR)	CNL
Os04t0470500-00	NLR	UNDETERMINED	(NBARC)(LRR)	NL
Os04t0491100-01	degenerate NLR	CC-NLR or CCR-NLR or CCG10-NLR	(LRR)	L
Os04t0512900-01	NLR	CC-NLR	(CC)(NBARC)(LRR)	CNL
Os04t0514600-00	NLR	UNDETERMINED	(NBARC)	N
Os04t0548100-01	CCX	CCX	(CC)	C
Os04t0620800-00	CCX	CCX	(CC)	C
Os04t0620950-01	NLR	CC-NLR or CCR-NLR or CCG10-NLR	(NBARC)(LRR)	NL
Os04t0621500-00	NLR	CC-NLR	(NBARC)(LRR)	NL
Os04t0621700-01	NLR	CC-NLR	(CC)(NBARC)(LRR)	CNL
Os04t0622600-01	NLR	CC-NLR	(CC)(BED)(NBARC)(LRR)	CONL
Os04t0626450-01	NLR	CC-NLR or CCR-NLR or CCG10-NLR	(NBARC)(LRR)(LRR)	NL
Os05t0216950-00	NLR	CC-NLR or CCR-NLR or CCG10-NLR	(NBARC)(LRR)	NL
Os05t0240200-01	NLR	CC-NLR	(CC)(NBARC)(LRR)	CNL
Os05t0240200-02	NLR	CC-NLR	(CC)(NBARC)(LRR)(WD40)	CNLO
Os05t0240200-03	NLR	CC-NLR	(CC)(NBARC)(LRR)(WD40)	CNLO
Os05t0250700-00	NLR	CC-NLR	(CC)(NBARC)(LRR)	CNL
Os05t0305600-01	CCX	CCX	(CC)	C
Os05t0365300-01	NLR	CC-NLR	(CC)(NBARC)(LRR)	CNL
Os05t0365300-02	degenerate NLR	CC-NLR or CCR-NLR or CCG10-NLR	(LRR)	L
Os05t0380300-01	NLR	CC-NLR	(CC)(NBARC)(LRR)	CNL
Os05t0414200-01	NLR	CC-NLR	(NBARC)	N
Os05t0414300-01	NLR	CC-NLR	(NBARC)(LRR)	NL
Os05t0414300-02	NLR	CC-NLR	(NBARC)(LRR)	NL
Os05t0479700-00	NLR	CC-NLR	(NBARC)(LRR)	NL
Os05t0479800-01	NLR	CC-NLR	(CC)(NBARC)(LRR)	CNL
Os05t0492200-01	NLR	CC-NLR	(CC)(NBARC)(LRR)	CNL
Os05t0492600-00	NLR	CC-NLR	(CC)(NBARC)(LRR)	CNL
Os05t0533400-01	NLR	CC-NLR	(CC)(NBARC)	CN
Os05t0533450-00	degenerate NLR	CC-NLR	(CC)(PLOOP)	CP
Os05t0585800-01	MLKL	MLKL	(MLKL)(PKin)	MO
Os06t0125000-00	NLR	CC-NLR	(CC)(NBARC)(LRR)	CNL
Os06t0146100-01	NLR	CC-NLR	(CC)(NBARC)(LRR)	CNL
Os06t0158300-01	NLR	CC-NLR	(CC)(NBARC)(LRR)	CNL
Os06t0158400-01	NLR	CC-NLR	(CC)(NBARC)	CN
Os06t0163900-01	CCX	CCX	(CC)	C
Os06t0267900-01	NLR	CC-NLR	(NBARC)	N
Os06t0268050-00	CCX	CCX	(CC)	C
Os06t0268500-00	NLR	CC-NLR	(CC)(NBARC)(LRR)	CNL
Os06t0276300-01	degenerate NLR	CC-NLR or CCR-NLR or CCG10-NLR	(PLOOP)(LRR)	PL
Os06t0279900-00	NLR	CC-NLR	(NBARC)(LRR)	NL
Os06t0286500-01	NLR	CC-NLR	(CC)(NBARC)(LRR)	CNL
Os06t0286700-00	NLR	CC-NLR	(NBARC)(LRR)	NL
Os06t0287000-00	NLR	CC-NLR	(NBARC)(LRR)	NL
Os06t0287200-00	NLR	CC-NLR	(NBARC)(LRR)	NL
Os06t0287500-01	NLR	CC-NLR	(CC)(NBARC)	CN
Os06t0287500-02	NLR	CC-NLR	(CC)(NBARC)	CN
Os06t0287700-01	NLR	CC-NLR	(CC)(NBARC)	CN
Os06t0330100-01	NLR	CC-NLR	(CC)(NBARC)(LRR)	CNL
Os06t0524900-01	NLR	CC-NLR	(CC)(NBARC)	CN
Os06t0594200-01	NLR	UNDETERMINED	(NBARC)	N
Os06t0619000-01	NLR	CC-NLR	(CC)(NBARC)(LRR)	CNL
Os06t0621800-01	CCX	CCX	(CC)	C
Os06t0667900-00	NLR	CC-NLR	(CC)(NBARC)(LRR)	CNL
Os06t0693100-01	NLR	CC-NLR	(CC)(NBARC)	CN
Os06t0698812-00	NLR	CC-NLR	(CC)(NBARC)	CN
Os06t0703200-01	NLR	UNDETERMINED	(NBARC)(LRR)	NL
Os06t0707400-01	CCX	CCX	(CC)	C
Os06t0707400-02	CCX	CCX	(CC)	C
Os06t0707700-01	NLR	CC-NLR	(CC)(NBARC)	CN
Os06t0707733-00	NLR	CC-NLR	(CC)(NBARC)(LRR)	CNL
Os06t0707800-03	NLR	CC-NLR	(CC)(NBARC)(LRR)	CNL
Os06t0707800-04	NLR	CC-NLR	(CC)(NBARC)(LRR)	CNL
Os07t0105900-01	NLR	UNDETERMINED	(NBARC)	N
Os07t0116800-00	NLR	UNDETERMINED	(NBARC)	N
Os07t0117300-00	NLR	CC-NLR	(CC)(NBARC)	CN
Os07t0117400-01	NLR	UNDETERMINED	(NBARC)	N
Os07t0117800-00	NLR	UNDETERMINED	(NBARC)	N
Os07t0117900-00	NLR	UNDETERMINED	(NBARC)	N
Os07t0118000-00	NLR	UNDETERMINED	(NBARC)	N
Os07t0141700-00	NLR	UNDETERMINED	(NBARC)(LRR)	NL
Os07t0141900-00	NLR	CC-NLR	(CC)(NBARC)(LRR)	CNL
Os07t0186500-01	NLR	CC-NLR	(CC)(NBARC)(LRR)	CNL
Os07t0197300-00	NLR	CC-NLR	(CC)(NBARC)(LRR)	CNL
Os07t0197500-00	NLR	CC-NLR	(CC)(NBARC)(LRR)	CNL
Os07t0273600-01	NLR	CC-NLR	(CC)(NBARC)	CN
Os07t0273700-00	NLR	CC-NLR or CCR-NLR or CCG10-NLR	(OTHER)(LRR)(NBARC)(LRR)	OLNL
Os07t0273900-01	NLR	CC-NLR	(CC)(NBARC)(LRR)	CNL
Os07t0294100-00	NLR	CC-NLR	(CC)(NBARC)(LRR)	CNL
Os07t0481300-01	NLR	CC-NLR or CCR-NLR or CCG10-NLR	(NBARC)(LRR)	NL
Os07t0481400-01	NLR	CC-NLR	(CC)(NBARC)(LRR)	CNL
Os07t0501600-00	CCX	CCX	(CC)	C
Os07t0521500-01	NLR	CC-NLR	(CC)(NBARC)(LRR)	CNL
Os07t0521600-01	NLR	CC-NLR or CCR-NLR or CCG10-NLR	(NBARC)(LRR)	NL
Os07t0521600-02	degenerate NLR	UNDETERMINED	(LRR)	L
Os07t0521800-01	NLR	CC-NLR	(CC)(NBARC)(LRR)	CNL
Os07t0531900-00	CCX	CCX	(CC)(LRR)	CL
Os07t0566800-01	TX	TX	(TIR)	T
Os07t0599100-00	NLR	CC-NLR	(CC)(NBARC)(LRR)	CNL
Os08t0150150-01	NLR	CC-NLR	(CC)(NBARC)(LRR)	CNL
Os08t0170100-01	NLR	CC-NLR	(CC)(NBARC)	CN
Os08t0170200-00	NLR	CC-NLR	(NBARC)(LRR)	NL
Os08t0170500-00	CCX	CCX	(CC)	C
Os08t0170700-00	NLR	CC-NLR	(CC)(NBARC)(LRR)	CNL
Os08t0174800-01	NLR	CC-NLR or CCR-NLR or CCG10-NLR	(NBARC)(LRR)(OTHER)	NLO
Os08t0190300-00	NLR	CC-NLR	(CC)(NBARC)	CN
Os08t0193700-00	NLR	CC-NLR	(CC)(NBARC)(LRR)	CNL
Os08t0202400-01	NLR	CC-NLR	(CC)(NBARC)(LRR)	CNL
Os08t0205100-01	NLR	CC-NLR	(NBARC)(LRR)	NL
Os08t0205150-01	NLR	CC-NLR	(CC)(NBARC)(LRR)	CNL
Os08t0224000-01	NLR	CC-NLR	(CC)(NBARC)(LRR)	CNL
Os08t0235600-00	NLR	CC-NLR	(CC)(NBARC)	CN
Os08t0235651-00	degenerate NLR	CC-NLR or CCR-NLR or CCG10-NLR	(LRR)	L
Os08t0246100-01	NLR	CC-NLR	(CC)(NBARC)	CN
Os08t0246300-01	NLR	CC-NLR	(CC)(NBARC)(NBARC)(LRR)	CNNL
Os08t0260800-00	NLR	CC-NLR	(CC)(NBARC)	CN
Os08t0261000-01	NLR	CC-NLR	(CC)(NBARC)(LRR)	CNL
Os08t0265300-00	NLR	CC-NLR	(NBARC)(LRR)	NL
Os08t0293300-01	NLR	CC-NLR	(CC)(NBARC)(LRR)	CNL
Os08t0296600-01	NLR	CC-NLR	(NBARC)(LRR)	NL
Os08t0296700-01	NLR	CC-NLR	(NBARC)(LRR)	NL
Os08t0332600-00	NLR	CC-NLR	(CC)(NBARC)(LRR)	CNL
Os08t0372700-00	NLR	CC-NLR	(CC)(NBARC)(LRR)	CNL
Os08t0373000-00	NLR	CC-NLR	(CC)(NBARC)(LRR)	CNL
Os08t0387700-01	NLR	CC-NLR	(CC)(NBARC)(LRR)	CNL
Os08t0387700-02	NLR	CC-NLR	(CC)(NBARC)	CN
Os08t0387700-03	NLR	CC-NLR or CCR-NLR or CCG10-NLR	(NBARC)(LRR)	NL
Os08t0388300-01	NLR	CC-NLR	(CC)(NBARC)(LRR)	CNL
Os08t0388300-02	CCX	CCX	(CC)	C
Os08t0396700-01	NLR	CC-NLR or CCR-NLR or CCG10-NLR	(NBARC)(LRR)(OTHER)	NLO
Os08t0396700-02	NLR	CC-NLR or CCR-NLR or CCG10-NLR	(NBARC)(LRR)	NL
Os08t0412100-01	NLR	CC-NLR	(CC)(NBARC)(LRR)	CNL
Os08t0424700-00	NLR	CC-NLR or CCR-NLR or CCG10-NLR	(NBARC)(LRR)	NL
Os08t0499100-01	degenerate NLR	TN (OTHER)	(TIR)(PLOOP)	TP
Os08t0539400-01	NLR	CC-NLR	(CC)(NBARC)(NBARC)(LRR)	CNNL
Os08t0539700-01	NLR	CC-NLR	(CC)(NBARC)(NBARC)(LRR)	CNNL
Os08t0539700-02	CCX	CCX	(CC)	C
Os08t0539700-03	NLR	CC-NLR or CCR-NLR or CCG10-NLR	(NBARC)(LRR)	NL
Os08t0539900-00	NLR	CC-NLR	(CC)(NBARC)(LRR)	CNL
Os08t0542200-01	NLR	CC-NLR	(NBARC)	N
Os08t0543050-00	NLR	CC-NLR	(CC)(NBARC)(LRR)	CNL
Os08t0543100-00	NLR	CC-NLR	(CC)(NBARC)(LRR)	CNL
Os08t0543500-01	NLR	CC-NLR	(CC)(NBARC)(LRR)	CNL
Os09t0270700-00	NLR	CC-NLR or CCR-NLR or CCG10-NLR	(NBARC)(LRR)	NL
Os09t0272900-01	NLR	CC-NLR or CCR-NLR or CCG10-NLR	(NBARC)(LRR)	NL
Os09t0272900-02	NLR	CC-NLR or CCR-NLR or CCG10-NLR	(NBARC)(LRR)	NL
Os09t0311600-01	NLR	CC-NLR or CCR-NLR or CCG10-NLR	(NBARC)(LRR)	NL
Os09t0313500-01	NLR	CC-NLR	(NBARC)(LRR)	NL
Os09t0313600-00	NLR	CC-NLR or CCR-NLR or CCG10-NLR	(NBARC)(LRR)	NL
Os09t0314200-00	NLR	CC-NLR	(CC)(NBARC)(LRR)	CNL
Os09t0322800-00	NLR	CC-NLR or CCR-NLR or CCG10-NLR	(NBARC)	N
Os09t0327600-01	NLR	CC-NLR	(CC)(NBARC)	CN
Os09t0327800-00	NLR	CC-NLR	(CC)(NBARC)	CN
Os09t0328951-01	NLR	CC-NLR	(NBARC)(LRR)	NL
Os09t0357400-00	NLR	CC-NLR	(NBARC)(LRR)	NL
Os09t0365000-00	NLR	CC-NLR	(OTHER)(NBARC)(LRR)	ONL
Os09t0365300-01	NLR	CC-NLR	(NBARC)(LRR)	NL
Os09t0479500-01	NLR	CC-NLR	(CC)(NBARC)(LRR)	CNL
Os09t0481600-01	NLR	UNDETERMINED	(NBARC)	N
Os09t0517100-01	NLR	CC-NLR or CCR-NLR or CCG10-NLR	(NBARC)(LRR)	NL
Os09t0517100-02	NLR	CC-NLR	(CC)(NBARC)	CN
Os09t0517200-00	NLR	CC-NLR	(CC)(NBARC)(LRR)	CNL
Os10t0124400-00	NLR	CC-NLR	(CC)(NBARC)	CN
Os10t0125700-00	NLR	CC-NLR	(NBARC)(LRR)	NL
Os10t0130600-00	NLR	CC-NLR	(CC)(NBARC)(LRR)	CNL
Os10t0130800-01	CCX	CCX	(CC)	C
Os10t0131000-00	CCX	CCX	(CC)	C
Os10t0131100-00	NLR	CC-NLR	(CC)(NBARC)(LRR)(LRR)	CNL
Os10t0131800-01	NLR	CC-NLR	(CC)(NBARC)(LRR)	CNL
Os10t0132500-01	NLR	CC-NLR	(CC)(NBARC)	CN
Os10t0132700-01	NLR	CC-NLR	(CC)(NBARC)	CN
Os10t0133166-00	degenerate NLR	CC-NLR	(CC)(PLOOP)	CP
Os10t0133600-01	CCX	CCX	(CC)	C
Os10t0134033-00	degenerate NLR	CC-NLR	(CC)(PLOOP)	CP
Os10t0134700-00	degenerate NLR	CC-NLR	(CC)(PLOOP)	CP
Os10t0134800-00	CCX	CCX	(CC)	C
Os10t0134900-00	NLR	CC-NLR	(CC)(NBARC)	CN
Os10t0135100-00	NLR	CC-NLR	(CC)(NBARC)	CN
Os10t0136100-01	NLR	CC-NLR	(CC)(NBARC)(LRR)	CNL
Os10t0136100-02	NLR	CC-NLR	(CC)(NBARC)(LRR)	CNL
Os10t0136150-00	degenerate NLR	CC-NLR	(CC)(PLOOP)	CP
Os10t0161400-01	NLR	CC-NLR	(CC)(NBARC)(LRR)	CNL
Os10t0162832-01	NLR	CC-NLR	(CC)(NBARC)	CN
Os10t0162854-01	NLR	CC-NLR	(CC)(NBARC)(LRR)	CNL
Os10t0163040-01	NLR	CC-NLR	(CC)(NBARC)(LRR)	CNL
Os10t0163040-02	NLR	CC-NLR	(CC)(NBARC)(LRR)	CNL
Os10t0183000-01	NLR	CC-NLR	(CC)(NBARC)(LRR)	CNL
Os10t0183000-02	NLR	CC-NLR	(CC)(NBARC)(LRR)	CNL
Os10t0358200-00	NLR	CC-NLR	(CC)(NBARC)(LRR)	CNL
Os10t0370100-01	NLR	CC-NLR	(CC)(NBARC)(LRR)	CNL
Os10t0370100-02	NLR	CC-NLR or CCR-NLR or CCG10-NLR	(NBARC)(LRR)	NL
Os10t0370400-01	NLR	CC-NLR	(CC)(NBARC)	CN
Os10t0394400-01	NLR	CC-NLR	(CC)(NBARC)	CN
Os10t0507000-01	CCX	CCX	(CC)	C
Os10t0568600-00	NLR	CC-NLR or CCR-NLR or CCG10-NLR	(NBARC)(LRR)	NL
Os11t0130900-00	NLR	CC-NLR	(CC)(NBARC)(LRR)	CNL
Os11t0160900-00	degenerate NLR	CC-NLR	(CC)(PLOOP)	CP
Os11t0161000-01	NLR	UNDETERMINED	(NBARC)	N
Os11t0207400-01	NLR	UNDETERMINED	(NBARC)	N
Os11t0211300-01	NLR	CC-NLR	(CC)(NBARC)(LRR)(LRR)	CNL
Os11t0212000-00	NLR	CC-NLR	(NBARC)(LRR)(LRR)	NL
Os11t0212100-00	CCX	CCX	(CC)	C
Os11t0213800-01	NLR	CC-NLR	(CC)(NBARC)	CN
Os11t0222900-01	NLR	CC-NLR	(CC)(NBARC)(LRR)	CNL
Os11t0222900-02	NLR	CC-NLR	(CC)(NBARC)(LRR)	CNL
Os11t0223201-01	NLR	CC-NLR	(CC)(NBARC)(LRR)	CNL
Os11t0224900-00	NLR	CC-NLR	(CC)(NBARC)(LRR)	CNL
Os11t0225100-01	NLR	CC-NLR	(CC)(NBARC)(LRR)	CNL
Os11t0225300-01	NLR	CC-NLR	(CC)(NBARC)(LRR)(LRR)	CNL
Os11t0225300-02	NLR	CC-NLR	(CC)(NBARC)	CN
Os11t0226800-00	CCX	CCX	(CC)	C
Os11t0226933-01	NLR	CC-NLR or CCR-NLR or CCG10-NLR	(NBARC)(LRR)	NL
Os11t0227100-00	degenerate NLR	CC-NLR or CCR-NLR or CCG10-NLR	(LRR)	L
Os11t0227200-01	NLR	CC-NLR	(CC)(NBARC)(LRR)	CNL
Os11t0227700-01	NLR	CC-NLR	(NBARC)(LRR)	NL
Os11t0227800-01	NLR	CC-NLR	(CC)(NBARC)(LRR)	CNL
Os11t0228600-01	CCX	CCX	(CC)	C
Os11t0229300-00	degenerate NLR	CC-NLR	(CC)(LRR)	CL
Os11t0229400-01	NLR	CC-NLR	(CC)(NBARC)(LRR)	CNL
Os11t0229500-01	NLR	CC-NLR	(CC)(NBARC)(LRR)	CNL
Os11t0237600-01	NLR	CC-NLR	(CC)(NBARC)(LRR)	CNL
Os11t0237900-00	NLR	CC-NLR	(CC)(NBARC)(LRR)	CNL
Os11t0238000-00	NLR	CC-NLR	(CC)(NBARC)(LRR)	CNL
Os11t0238700-00	NLR	CC-NLR or CCR-NLR or CCG10-NLR	(NBARC)(LRR)	NL
Os11t0249000-01	NLR	CC-NLR	(CC)(NBARC)(LRR)	CNL
Os11t0258500-00	NLR	CC-NLR	(CC)(NBARC)(LRR)	CNL
Os11t0265900-02	NLR	CC-NLR	(CC)(NBARC)(LRR)	CNL
Os11t0266500-01	CCX	CCX	(CC)	C
Os11t0270500-01	NLR	CC-NLR	(CC)(NBARC)(LRR)	CNL
Os11t0429100-00	NLR	CC-NLR	(CC)(NBARC)(LRR)	CNL
Os11t0459300-00	CCX	CCX	(CC)(OTHER)	CO
Os11t0462500-00	NLR	CC-NLR	(CC)(NBARC)(LRR)	CNL
Os11t0462900-00	NLR	CC-NLR	(CC)(NBARC)(LRR)(LRR)(OTHER)(LRR)(OTHER)	CNLOLO
Os11t0474500-00	NLR	CC-NLR	(CC)(NBARC)	CN
Os11t0479100-00	NLR	CC-NLR	(CC)(NBARC)(LRR)	CNL
Os11t0480000-01	NLR	CC-NLR	(CC)(NBARC)(LRR)	CNL
Os11t0481150-00	NLR	CC-NLR or CCR-NLR or CCG10-NLR	(NBARC)(LRR)(LRR)	NL
Os11t0485900-01	NLR	CC-NLR	(NBARC)	N
Os11t0492100-01	CCX	CCX	(CC)	C
Os11t0492200-00	NLR	CC-NLR	(NBARC)(LRR)	NL
Os11t0492300-00	NLR	CC-NLR	(NBARC)(LRR)	NL
Os11t0492500-00	NLR	CC-NLR	(NBARC)	N
Os11t0492900-00	NLR	CC-NLR	(NBARC)	N
Os11t0493100-00	NLR	CC-NLR	(NBARC)	N
Os11t0493700-00	NLR	CC-NLR	(NBARC)(LRR)	NL
Os11t0494100-00	NLR	CC-NLR	(NBARC)	N
Os11t0550100-01	NLR	CC-NLR	(NBARC)(LRR)	NL
Os11t0550500-01	NLR	CC-NLR	(CC)(NBARC)(LRR)	CNL
Os11t0555300-00	NLR	CC-NLR	(CC)(NBARC)(LRR)(LRR)	CNL
Os11t0572301-01	NLR	CC-NLR or CCR-NLR or CCG10-NLR	(NBARC)(LRR)	NL
Os11t0576100-00	degenerate NLR	TN (OTHER)	(TIR)(PLOOP)	TP
Os11t0579100-01	degenerate NLR	CC-NLR or CCR-NLR or CCG10-NLR	(LRR)	L
Os11t0579200-01	CCX	CCX	(CC)	C
Os11t0579400-01	degenerate NLR	CC-NLR or CCR-NLR or CCG10-NLR	(LRR)	L
Os11t0588400-01	NLR	CC-NLR	(CC)(NBARC)(LRR)	CNL
Os11t0588600-01	NLR	CC-NLR	(CC)(NBARC)	CN
Os11t0589800-00	NLR	CC-NLR	(CC)(NBARC)	CN
Os11t0590400-00	CCX	CCX	(CC)(LRR)	CL
Os11t0590700-01	NLR	CC-NLR	(CC)(NBARC)(LRR)	CNL
Os11t0592500-01	NLR	CC-NLR	(NBARC)	N
Os11t0597400-00	degenerate NLR	CC-NLR	(CC)(PLOOP)(LRR)	CPL
Os11t0597700-01	CCX	CCX	(CC)	C
Os11t0598300-00	degenerate NLR	CC-NLR	(CC)(LRR)	CL
Os11t0598500-00	degenerate NLR	CC-NLR	(CC)(LRR)	CL
Os11t0598500-01	degenerate NLR	CC-NLR	(CC)(LRR)	CL
Os11t0604900-00	NLR	CC-NLR	(CC)(NBARC)(LRR)	CNL
Os11t0605100-01	NLR	CC-NLR or CCR-NLR or CCG10-NLR	(NBARC)(LRR)	NL
Os11t0605900-01	CCX	CCX	(CC)	C
Os11t0606100-01	NLR	UNDETERMINED	(NBARC)	N
Os11t0606200-01	NLR	CC-NLR or CCR-NLR or CCG10-NLR	(NBARC)(LRR)	NL
Os11t0606400-02	NLR	UNDETERMINED	(NBARC)(LRR)	NL
Os11t0606500-01	NLR	CC-NLR	(CC)(NBARC)(LRR)	CNL
Os11t0606800-00	NLR	CC-NLR or CCR-NLR or CCG10-NLR	(NBARC)(LRR)	NL
Os11t0609700-00	NLR	CC-NLR	(NBARC)	N
Os11t0610000-00	NLR	CC-NLR	(NBARC)	N
Os11t0615900-01	CCX	CCX	(CC)	C
Os11t0623800-00	NLR	CC-NLR	(CC)(NBARC)(LRR)	CNL
Os11t0629550-00	NLR	CC-NLR	(CC)(NBARC)(LRR)	CNL
Os11t0629600-01	degenerate NLR	CC-NLR or CCR-NLR or CCG10-NLR	(LRR)	L
Os11t0633500-01	NLR	CC-NLR	(CC)(NBARC)	CN
Os11t0639600-01	NLR	CC-NLR	(CC)(NBARC)(LRR)	CNL
Os11t0639600-02	NLR	CC-NLR	(CC)(NBARC)(LRR)	CNL
Os11t0640000-00	degenerate NLR	CC-NLR or CCR-NLR or CCG10-NLR	(LRR)	L
Os11t0640300-01	NLR	CC-NLR	(NBARC)(LRR)	NL
Os11t0640300-02	NLR	CC-NLR	(NBARC)(LRR)	NL
Os11t0640600-00	NLR	CC-NLR or CCR-NLR or CCG10-NLR	(NBARC)(LRR)	NL
Os11t0640800-01	degenerate NLR	CC-NLR or CCR-NLR or CCG10-NLR	(LRR)	L
Os11t0645800-00	degenerate NLR	CC-NLR or CCR-NLR or CCG10-NLR	(PLOOP)(LRR)	PL
Os11t0646300-00	NLR	CC-NLR	(CC)(NBARC)(LRR)	CNL
Os11t0647866-00	degenerate NLR	CC-NLR or CCR-NLR or CCG10-NLR	(PLOOP)(LRR)	PL
Os11t0652100-01	degenerate NLR	CC-NLR	(CC)(LRR)	CL
Os11t0653300-01	degenerate NLR	CC-NLR	(CC)(LRR)	CL
Os11t0654100-01	NLR	CC-NLR	(CC)(NBARC)(LRR)	CNL
Os11t0654800-01	degenerate NLR	CC-NLR	(CC)(LRR)	CL
Os11t0655200-01	NLR	CC-NLR	(CC)(NBARC)	CN
Os11t0655300-01	NLR	CC-NLR	(CC)(NBARC)(LRR)	CNL
Os11t0657900-00	NLR	CC-NLR	(CC)(NBARC)(LRR)	CNL
Os11t0668100-00	NLR	CC-NLR	(NBARC)(LRR)	NL
Os11t0673900-00	NLR	CC-NLR	(NBARC)(LRR)	NL
Os11t0674400-00	NLR	CC-NLR	(CC)(NBARC)(LRR)	CNL
Os11t0676100-00	NLR	CC-NLR	(CC)(NBARC)	CN
Os11t0676200-00	NLR	CC-NLR or CCR-NLR or CCG10-NLR	(NBARC)(LRR)	NL
Os11t0676800-00	NLR	CC-NLR	(CC)(NBARC)	CN
Os11t0678400-00	NLR	CC-NLR	(NBARC)(LRR)	NL
Os11t0682501-00	NLR	CC-NLR	(NBARC)	N
Os11t0684100-01	NLR	CC-NLR	(CC)(NBARC)(LRR)	CNL
Os11t0684100-02	NLR	CC-NLR	(CC)(NBARC)(LRR)	CNL
Os11t0684700-01	NLR	CC-NLR	(CC)(NBARC)(LRR)	CNL
Os11t0686400-00	NLR	CC-NLR	(CC)(NBARC)(LRR)	CNL
Os11t0686500-01	NLR	CC-NLR	(CC)(NBARC)(LRR)	CNL
Os11t0686900-00	NLR	CC-NLR	(CC)(NBARC)(LRR)	CNL
Os11t0687800-01	NLR	CC-NLR	(CC)(NBARC)	CN
Os11t0687800-02	NLR	CC-NLR	(CC)(NBARC)	CN
Os11t0687900-01	CCX	CCX	(CC)	C
Os11t0688832-01	NLR	CC-NLR	(CC)(NBARC)(LRR)	CNL
Os11t0689100-01	NLR	CC-NLR	(CC)(NBARC)(LRR)	CNL
Os11t0689100-02	NLR	CC-NLR	(CC)(NBARC)(LRR)	CNL
Os11t0700100-01	NLR	UNDETERMINED	(NBARC)	N
Os11t0704100-00	NLR	CC-NLR	(CC)(NBARC)(LRR)	CNL
Os12t0124100-01	CCX	CCX	(CC)	C
Os12t0131701-00	NLR	CC-NLR	(NBARC)(LRR)	NL
Os12t0166600-00	NLR	CC-NLR	(CC)(NBARC)	CN
Os12t0198900-00	NLR	CC-NLR	(CC)(NBARC)(LRR)	CNL
Os12t0199100-01	NLR	CC-NLR	(CC)(NBARC)(LRR)	CNL
Os12t0204600-01	NLR	CC-NLR	(NBARC)(LRR)	NL
Os12t0204800-01	NLR	CC-NLR	(CC)(NBARC)	CN
Os12t0205500-01	NLR	UNDETERMINED	(NBARC)(LRR)	NL
Os12t0209901-01	NLR	CC-NLR	(NBARC)	N
Os12t0237900-01	NLR	CC-NLR	(CC)(NBARC)(LRR)	CNL
Os12t0246700-01	NLR	CC-NLR	(CC)(NBARC)(LRR)	CNL
Os12t0270300-01	NLR	CC-NLR	(CC)(NBARC)(LRR)	CNL
Os12t0270300-02	NLR	CC-NLR	(CC)(NBARC)(LRR)	CNL
Os12t0272800-01	NLR	CC-NLR	(NBARC)(LRR)	NL
Os12t0273300-01	NLR	CC-NLR	(CC)(NBARC)(LRR)	CNL
Os12t0281300-01	NLR	CC-NLR	(CC)(NBARC)(LRR)	CNL
Os12t0281300-02	NLR	CC-NLR	(CC)(NBARC)(LRR)(TRX)	CNLO
Os12t0281300-03	NLR	CC-NLR	(NBARC)(LRR)(TRX)	NLO
Os12t0281600-01	NLR	CC-NLR	(CC)(NBARC)(LRR)	CNL
Os12t0281600-02	NLR	CC-NLR	(CC)(NBARC)(LRR)	CNL
Os12t0438300-01	NLR	CC-NLR	(CC)(NBARC)	CN
Os12t0467300-01	NLR	CC-NLR	(CC)(NBARC)(LRR)	CNL
Os12t0481400-00	NLR	CC-NLR	(CC)(NBARC)(LRR)(LRR)	CNL
Os12t0481700-00	NLR	CC-NLR	(CC)(NBARC)(LRR)(LRR)	CNL
Os12t0482100-00	NLR	CC-NLR	(CC)(NBARC)(LRR)(LRR)	CNL
Os12t0489800-01	NLR	CC-NLR	(CC)(NBARC)	CN
Os12t0495600-01	NLR	CC-NLR	(CC)(NBARC)(LRR)	CNL
Os12t0500500-01	NLR	CC-NLR	(CC)(NBARC)(LRR)	CNL
Os12t0510500-01	CCX	CCX	(CC)	C
Os12t0511400-01	NLR	CC-NLR or CCR-NLR or CCG10-NLR	(NBARC)(LRR)	NL
Os12t0511400-02	NLR	CC-NLR or CCR-NLR or CCG10-NLR	(NBARC)(LRR)(LRR)	NL
Os12t0511500-01	NLR	CC-NLR	(CC)(NBARC)	CN
Os12t0511600-00	NLR	CC-NLR	(NBARC)(LRR)(LRR)	NL
Os12t0511900-00	NLR	CC-NLR or CCR-NLR or CCG10-NLR	(NBARC)(LRR)	NL
Os12t0512400-01	NLR	CC-NLR	(CC)(NBARC)	CN
Os12t0516300-01	NLR	CC-NLR	(CC)(NBARC)(LRR)	CNL
Os12t0516300-02	NLR	CC-NLR	(NBARC)(LRR)	NL
Os12t0552900-01	NLR	CC-NLR	(CC)(NBARC)(LRR)	CNL
Os12t0553200-01	NLR	CC-NLR	(CC)(NBARC)(LRR)	CNL
Os12t0553600-01	CCX	CCX	(CC)	C
Os12t0559400-01	NLR	CC-NLR	(CC)(NBARC)	CN
Os12t0564800-01	NLR	CC-NLR	(CC)(NBARC)(LRR)	CNL
Os12t0565100-01	NLR	CC-NLR	(CC)(NBARC)(LRR)	CNL
Os12t0565100-02	NLR	CC-NLR	(CC)(NBARC)(LRR)	CNL
Os12t0586000-01	NLR	CC-NLR or CCR-NLR or CCG10-NLR	(NBARC)(LRR)	NL
